name,phone
"Sakib Akter",01804515885
"Sakib Khan",01369119321
"Hasan Akter",01598985507
"Ayesha Rahman",01994759973
"Hasan Khan",01848741059
"Ayesha Islam",01366948774
"Hasan Rahman",01403840562
"Nusrat Ahmed",01378398242
"Rahim Islam",01649034003
"Ayesha Islam",01426904599
"Rahim Rahman",01859421419
"Hasan Rahman",01927081317
"Sakib Islam",01409102849
"Rahim Ahmed",01675482928
"Sakib Khan",01624220912
"Karim Hossain",01645177020
"Karim Rahman",01854643524
"Nusrat Islam",01470756415
"Ayesha Hossain",01755800602
"Hasan Ahmed",01446399791
"Ayesha Islam",01626002904
"Karim Ahmed",01728193260
"Hasan Rahman",01632313229
"Mim Islam",01606781999
"Nusrat Ahmed",01932951613
"Sakib Khan",01529494786
"Hasan Rahman",01570991944
"Rahim Islam",01651197390
"Tanvir Rahman",01894383323
"Rahim Rahman",01525763053
"Tanvir Ahmed",01459559686
"Rahim Islam",01503033933
"Mim Akter",01989146715
"Ayesha Ahmed",01742708037
"Nusrat Rahman",01303137995
"Nusrat Ahmed",01353784592
"Hasan Hossain",01861589101
"Nusrat Islam",01707366427
"Nusrat Khan",01748417905
"Tanvir Islam",01577866350
"Ayesha Rahman",01562782537
"Sakib Ahmed",01362806355
"Rahim Rahman",01996189792
"Mim Akter",01690708162
"Mim Khan",01323807884
"Nusrat Ahmed",01689558695
"Hasan Khan",01428155377
"Nusrat Khan",01812422873
"Karim Islam",01758296308
"Nusrat Islam",01674893560
"Karim Rahman",01688128268
"Ayesha Rahman",01670578725
"Tanvir Khan",01376952471
"Karim Islam",01654852482
"Rahim Ahmed",01983953034
"Ayesha Islam",01307646458
"Mim Rahman",01337080381
"Mim Akter",01931699744
"Hasan Akter",01988875636
"Nusrat Ahmed",01718869620
"Rahim Akter",01924262179
"Hasan Khan",01653975495
"Rahim Hossain",01847622061
"Rahim Akter",01776589494
"Mim Islam",01807808554
"Hasan Rahman",01954790738
"Rahim Khan",01347041761
"Rahim Rahman",01948807447
"Sakib Hossain",01821434827
"Ayesha Khan",01459837652
"Mim Khan",01389732955
"Hasan Hossain",01991018344
"Hasan Akter",01544680347
"Rahim Hossain",01481981385
"Rahim Akter",01898424757
"Hasan Khan",01730241898
"Mim Ahmed",01903615346
"Rahim Khan",01665532019
"Karim Akter",01742918805
"Rahim Islam",01509516598
"Tanvir Akter",01397238360
"Karim Islam",01499989345
"Nusrat Rahman",01603185467
"Sakib Khan",01568660101
"Sakib Ahmed",01952254423
"Nusrat Akter",01517040980
"Karim Akter",01975591120
"Nusrat Akter",01736998463
"Ayesha Ahmed",01726973028
"Hasan Ahmed",01902269050
"Hasan Akter",01309533437
"Karim Akter",01343071833
"Sakib Akter",01308762099
"Hasan Akter",01555942417
"Rahim Islam",01517246784
"Ayesha Rahman",01554680341
"Karim Islam",01382214948
"Tanvir Khan",01967214384
"Tanvir Ahmed",01762526080
"Nusrat Ahmed",01870946187
"Tanvir Rahman",01640820250
"Nusrat Islam",01798846241
"Rahim Rahman",01775383836
"Karim Islam",01476617519
"Ayesha Akter",01769265659
"Ayesha Akter",01910699716
"Karim Khan",01344396585
"Karim Ahmed",01533744643
"Karim Ahmed",01308583430
"Mim Khan",01439318527
"Sakib Ahmed",01861242870
"Tanvir Islam",01700917875
"Nusrat Ahmed",01898749869
"Mim Rahman",01349912378
"Rahim Ahmed",01789230428
"Mim Khan",01473117084
"Mim Khan",01925540357
"Mim Ahmed",01339868504
"Rahim Hossain",01926100948
"Mim Ahmed",01746550630
"Hasan Khan",01462013373
"Hasan Ahmed",01677527603
"Tanvir Akter",01929409113
"Sakib Akter",01944320793
"Sakib Hossain",01946747516
"Tanvir Rahman",01613461996
"Nusrat Khan",01429881251
"Ayesha Akter",01853492738
"Karim Islam",01434350293
"Sakib Islam",01965461478
"Rahim Khan",01847639801
"Tanvir Khan",01927813848
"Nusrat Hossain",01686941663
"Ayesha Hossain",01378829043
"Mim Khan",01825893405
"Ayesha Islam",01523844600
"Rahim Rahman",01349407415
"Ayesha Hossain",01788935510
"Nusrat Akter",01930400160
"Mim Akter",01651580234
"Karim Khan",01646419209
"Hasan Akter",01889921243
"Karim Hossain",01531212829
"Rahim Islam",01739406046
"Ayesha Rahman",01468140427
"Tanvir Rahman",01333353304
"Ayesha Akter",01926215303
"Hasan Rahman",01584344712
"Sakib Khan",01800815412
"Mim Akter",01826863659
"Sakib Ahmed",01533335252
"Mim Ahmed",01379570537
"Ayesha Hossain",01639063752
"Hasan Ahmed",01633808803
"Nusrat Ahmed",01597864178
"Karim Hossain",01917033253
"Tanvir Khan",01769372347
"Tanvir Rahman",01312769305
"Nusrat Rahman",01373445505
"Sakib Islam",01337039834
"Sakib Khan",01385030004
"Karim Ahmed",01436323910
"Rahim Islam",01531916128
"Nusrat Akter",01582919610
"Karim Akter",01456348645
"Hasan Khan",01722700866
"Mim Hossain",01851518635
"Tanvir Akter",01681965286
"Rahim Hossain",01394964906
"Sakib Akter",01938408179
"Nusrat Khan",01831816424
"Hasan Islam",01440793349
"Karim Khan",01456856412
"Nusrat Hossain",01604959613
"Mim Islam",01394750840
"Karim Khan",01348024181
"Nusrat Akter",01761398306
"Ayesha Hossain",01440954300
"Karim Ahmed",01540324080
"Nusrat Khan",01506668785
"Hasan Islam",01810840290
"Rahim Akter",01643138527
"Ayesha Akter",01568208362
"Ayesha Khan",01301848691
"Rahim Ahmed",01967842053
"Rahim Rahman",01849434289
"Rahim Rahman",01916348959
"Rahim Islam",01582935195
"Karim Islam",01914840045
"Tanvir Khan",01391448285
"Tanvir Akter",01339487634
"Sakib Khan",01770903915
"Sakib Ahmed",01425914017
"Hasan Islam",01679032928
"Hasan Hossain",01703977900
"Ayesha Rahman",01536428612
"Hasan Ahmed",01520469534
"Rahim Hossain",01952357148
"Hasan Ahmed",01752095984
"Hasan Islam",01320257912
"Hasan Islam",01508435116
"Sakib Islam",01943632503
"Mim Akter",01304281762
"Rahim Islam",01401630821
"Sakib Akter",01559388180
"Nusrat Khan",01746075199
"Sakib Rahman",01732450892
"Hasan Ahmed",01599529022
"Karim Akter",01785541904
"Mim Khan",01844836619
"Tanvir Khan",01663069812
"Nusrat Akter",01375455534
"Sakib Rahman",01921688162
"Tanvir Khan",01994325464
"Karim Islam",01649915202
"Ayesha Ahmed",01662645033
"Karim Hossain",01911833811
"Hasan Hossain",01396759533
"Nusrat Islam",01364526138
"Tanvir Khan",01431229848
"Rahim Khan",01746851269
"Tanvir Khan",01674144377
"Mim Khan",01526386191
"Rahim Khan",01305096747
"Mim Rahman",01755324600
"Hasan Rahman",01851664246
"Sakib Akter",01362856480
"Tanvir Ahmed",01328700364
"Tanvir Akter",01358935606
"Ayesha Khan",01673940027
"Ayesha Rahman",01309177357
"Nusrat Khan",01787700306
"Sakib Rahman",01563153605
"Nusrat Ahmed",01529203215
"Nusrat Khan",01973492845
"Rahim Rahman",01399244847
"Nusrat Ahmed",01780086325
"Mim Ahmed",01516565881
"Karim Islam",01934661794
"Hasan Ahmed",01577609958
"Nusrat Akter",01799378325
"Sakib Rahman",01390880310
"Mim Akter",01676321858
"Tanvir Ahmed",01883600645
"Karim Islam",01901320721
"Rahim Rahman",01701303135
"Sakib Islam",01953411234
"Ayesha Hossain",01493775038
"Ayesha Islam",01526325647
"Sakib Ahmed",01531140075
"Rahim Rahman",01891832774
"Sakib Rahman",01664938547
"Karim Islam",01827597528
"Hasan Islam",01921952265
"Ayesha Hossain",01407960181
"Ayesha Akter",01450098692
"Nusrat Akter",01826908983
"Rahim Khan",01857453248
"Tanvir Hossain",01495157801
"Karim Islam",01405994043
"Tanvir Islam",01802713737
"Nusrat Akter",01555152331
"Sakib Khan",01398026360
"Tanvir Rahman",01609743758
"Hasan Islam",01745872967
"Sakib Ahmed",01407310520
"Ayesha Akter",01972892367
"Tanvir Akter",01812739834
"Karim Ahmed",01325030783
"Rahim Rahman",01842245141
"Hasan Akter",01677974822
"Hasan Rahman",01474535666
"Ayesha Akter",01827159222
"Karim Hossain",01789802372
"Tanvir Islam",01897540760
"Hasan Akter",01654207361
"Nusrat Rahman",01324760911
"Karim Hossain",01737085784
"Hasan Hossain",01457023828
"Ayesha Ahmed",01815224980
"Nusrat Islam",01773972723
"Hasan Rahman",01880482305
"Mim Rahman",01754371315
"Mim Akter",01846112726
"Hasan Rahman",01732538990
"Karim Islam",01441109688
"Rahim Rahman",01765221192
"Karim Islam",01456430839
"Nusrat Ahmed",01575817254
"Karim Hossain",01792054281
"Ayesha Ahmed",01939143643
"Tanvir Ahmed",01425868482
"Karim Rahman",01733128919
"Nusrat Ahmed",01923802252
"Karim Khan",01443317028
"Hasan Islam",01357627318
"Rahim Rahman",01686931554
"Ayesha Ahmed",01850878398
"Hasan Islam",01779158616
"Karim Khan",01506147113
"Karim Ahmed",01709993285
"Tanvir Hossain",01555824592
"Tanvir Ahmed",01579067242
"Karim Akter",01341204268
"Hasan Islam",01975455114
"Karim Rahman",01311087468
"Karim Ahmed",01738954920
"Ayesha Akter",01787356358
"Rahim Islam",01565860498
"Mim Hossain",01731812699
"Karim Islam",01595354563
"Nusrat Hossain",01533879261
"Ayesha Rahman",01857511495
"Nusrat Rahman",01615103439
"Sakib Ahmed",01614497322
"Tanvir Rahman",01942835765
"Karim Islam",01749997426
"Mim Hossain",01403784856
"Rahim Islam",01669426924
"Ayesha Akter",01342416135
"Tanvir Islam",01733063449
"Sakib Rahman",01631188432
"Tanvir Akter",01678699783
"Nusrat Rahman",01881146970
"Nusrat Akter",01383877071
"Nusrat Khan",01464803208
"Nusrat Hossain",01491396537
"Tanvir Hossain",01442313804
"Rahim Islam",01815565406
"Sakib Islam",01343399053
"Nusrat Ahmed",01330127729
"Hasan Rahman",01733390490
"Hasan Islam",01877355082
"Tanvir Khan",01494215836
"Rahim Hossain",01943734874
"Hasan Akter",01384779202
"Nusrat Hossain",01415046416
"Mim Khan",01605102961
"Sakib Islam",01935660829
"Sakib Rahman",01484737463
"Ayesha Rahman",01881273640
"Hasan Ahmed",01738880937
"Tanvir Akter",01857323135
"Tanvir Islam",01710202476
"Ayesha Islam",01464783395
"Rahim Khan",01644115588
"Mim Rahman",01540612860
"Mim Ahmed",01371044329
"Tanvir Akter",01927267697
"Mim Ahmed",01763494344
"Nusrat Ahmed",01446300511
"Karim Ahmed",01938288469
"Rahim Akter",01436186081
"Sakib Akter",01305619096
"Sakib Akter",01795292740
"Nusrat Akter",01767755154
"Karim Khan",01588157855
"Nusrat Islam",01417146731
"Hasan Khan",01500486545
"Sakib Akter",01934321905
"Rahim Khan",01573013556
"Mim Akter",01302963622
"Mim Islam",01413733208
"Tanvir Hossain",01585433034
"Sakib Ahmed",01453234181
"Mim Khan",01389016582
"Mim Islam",01392554428
"Tanvir Islam",01568206366
"Nusrat Akter",01571329447
"Hasan Islam",01662404970
"Mim Akter",01969996792
"Karim Akter",01330727359
"Mim Islam",01577785196
"Nusrat Rahman",01775191623
"Mim Islam",01849167768
"Mim Ahmed",01768564212
"Sakib Khan",01959231232
"Mim Akter",01343459732
"Ayesha Khan",01784152026
"Rahim Islam",01618173372
"Nusrat Islam",01667180190
"Tanvir Khan",01722281185
"Rahim Islam",01596927927
"Sakib Khan",01666737502
"Mim Islam",01654055777
"Hasan Hossain",01655833466
"Sakib Akter",01618262906
"Nusrat Akter",01823071097
"Nusrat Khan",01409087764
"Mim Khan",01692031517
"Nusrat Islam",01625474123
"Rahim Akter",01460962827
"Karim Islam",01771869382
"Rahim Rahman",01368055109
"Tanvir Akter",01466940897
"Mim Hossain",01960375630
"Karim Akter",01420309698
"Tanvir Rahman",01875148038
"Karim Khan",01727814351
"Mim Hossain",01927651124
"Ayesha Akter",01655755200
"Nusrat Islam",01487308192
"Sakib Khan",01936265600
"Nusrat Khan",01342866437
"Hasan Ahmed",01738956070
"Sakib Khan",01959167350
"Ayesha Khan",01762642983
"Ayesha Khan",01911907492
"Karim Ahmed",01709968248
"Sakib Ahmed",01943518131
"Tanvir Rahman",01359142127
"Hasan Hossain",01902293139
"Ayesha Rahman",01596965990
"Tanvir Hossain",01619965856
"Tanvir Ahmed",01800255780
"Tanvir Khan",01437351342
"Hasan Rahman",01619249569
"Nusrat Ahmed",01992895390
"Sakib Hossain",01793816246
"Ayesha Akter",01702277624
"Nusrat Ahmed",01826328717
"Ayesha Akter",01418452891
"Rahim Hossain",01968970009
"Karim Ahmed",01936485409
"Karim Ahmed",01751686733
"Karim Akter",01521686033
"Karim Ahmed",01769458588
"Mim Ahmed",01500687632
"Rahim Hossain",01665509110
"Nusrat Ahmed",01978084856
"Nusrat Islam",01496382274
"Rahim Akter",01987359144
"Ayesha Rahman",01673499641
"Karim Ahmed",01625215479
"Rahim Akter",01473961063
"Nusrat Akter",01649514215
"Ayesha Hossain",01562533044
"Ayesha Khan",01979786699
"Ayesha Akter",01369641215
"Sakib Islam",01980596696
"Ayesha Khan",01456880435
"Mim Islam",01957687983
"Mim Akter",01714937667
"Karim Hossain",01636143579
"Sakib Hossain",01363195434
"Rahim Akter",01895399192
"Karim Akter",01851908728
"Sakib Hossain",01574423892
"Tanvir Rahman",01300042935
"Ayesha Ahmed",01987911144
"Karim Rahman",01340109417
"Tanvir Khan",01564905534
"Tanvir Hossain",01479647591
"Tanvir Rahman",01805701693
"Tanvir Ahmed",01818991338
"Rahim Ahmed",01636269049
"Ayesha Akter",01561460487
"Karim Islam",01523766413
"Tanvir Islam",01708595740
"Karim Islam",01624662647
"Ayesha Rahman",01989293589
"Hasan Islam",01368405128
"Rahim Hossain",01543278605
"Hasan Rahman",01630382657
"Tanvir Islam",01908494361
"Karim Khan",01819468637
"Tanvir Khan",01325746137
"Mim Ahmed",01309896405
"Hasan Hossain",01651947383
"Nusrat Rahman",01709047188
"Nusrat Ahmed",01550923777
"Tanvir Khan",01586570594
"Tanvir Hossain",01602299699
"Tanvir Rahman",01942498053
"Tanvir Ahmed",01324266260
"Karim Islam",01871799072
"Rahim Akter",01674933229
"Karim Akter",01705928988
"Nusrat Khan",01634994349
"Karim Hossain",01970308440
"Hasan Akter",01578433266
"Sakib Rahman",01410724695
"Tanvir Akter",01715473078
"Hasan Ahmed",01301364360
"Rahim Hossain",01877610423
"Tanvir Akter",01311507035
"Mim Islam",01694758041
"Ayesha Rahman",01516886767
"Tanvir Hossain",01969315825
"Karim Akter",01629872104
"Nusrat Akter",01414026361
"Rahim Akter",01561320909
"Hasan Ahmed",01444708233
"Hasan Khan",01776780427
"Tanvir Akter",01511668654
"Hasan Rahman",01323892858
"Nusrat Islam",01345102972
"Tanvir Islam",01322332237
"Rahim Hossain",01992728234
"Rahim Hossain",01332937144
"Mim Ahmed",01954505465
"Ayesha Islam",01769039206
"Tanvir Khan",01782576089
"Tanvir Islam",01713127313
"Tanvir Hossain",01549978912
"Hasan Hossain",01380601411
"Ayesha Islam",01379774812
"Ayesha Akter",01689248381
"Ayesha Khan",01619389105
"Rahim Khan",01442222695
"Ayesha Ahmed",01323528848
"Sakib Ahmed",01343490622
"Tanvir Rahman",01335221073
"Mim Ahmed",01557598619
"Mim Ahmed",01775008805
"Tanvir Hossain",01687394537
"Karim Ahmed",01722628687
"Sakib Rahman",01949638032
"Sakib Akter",01526691765
"Nusrat Akter",01321589377
"Mim Ahmed",01670037531
"Hasan Akter",01997720856
"Sakib Hossain",01342323316
"Karim Akter",01687975061
"Hasan Islam",01695421546
"Karim Ahmed",01938930193
"Mim Ahmed",01801752592
"Tanvir Islam",01390309741
"Karim Hossain",01467264999
"Mim Rahman",01738539313
"Sakib Hossain",01958240060
"Sakib Ahmed",01487311617
"Sakib Ahmed",01737912160
"Mim Rahman",01666157800
"Hasan Khan",01625705734
"Tanvir Ahmed",01347835441
"Mim Islam",01878855566
"Sakib Hossain",01447151496
"Nusrat Rahman",01552313166
"Nusrat Rahman",01469133814
"Karim Akter",01597590596
"Sakib Akter",01976471367
"Tanvir Hossain",01723282581
"Mim Hossain",01369795452
"Ayesha Akter",01472861297
"Tanvir Rahman",01622002752
"Nusrat Khan",01792242386
"Mim Ahmed",01984816791
"Sakib Ahmed",01484432254
"Nusrat Hossain",01348058621
"Mim Ahmed",01325473255
"Nusrat Islam",01629621318
"Karim Ahmed",01482984905
"Nusrat Akter",01367492028
"Nusrat Islam",01945576602
"Mim Khan",01970807948
"Karim Islam",01989797023
"Mim Khan",01546956706
"Sakib Ahmed",01939240306
"Nusrat Islam",01435664427
"Rahim Rahman",01455799035
"Nusrat Ahmed",01462490197
"Rahim Rahman",01585291208
"Tanvir Akter",01941260464
"Karim Ahmed",01993059872
"Rahim Akter",01660311025
"Mim Akter",01806401127
"Sakib Khan",01504189669
"Rahim Hossain",01948844227
"Nusrat Ahmed",01412260502
"Tanvir Islam",01569278217
"Ayesha Hossain",01967240712
"Tanvir Hossain",01307329295
"Ayesha Khan",01785335869
"Rahim Rahman",01713174297
"Ayesha Akter",01508654769
"Rahim Akter",01873238782
"Mim Islam",01807175959
"Mim Hossain",01631977288
"Karim Hossain",01728983223
"Sakib Rahman",01303261758
"Tanvir Rahman",01607662241
"Ayesha Khan",01842512986
"Tanvir Hossain",01931079600
"Mim Hossain",01961631319
"Karim Hossain",01441937740
"Sakib Akter",01729459797
"Nusrat Rahman",01328193494
"Tanvir Islam",01392606632
"Tanvir Rahman",01421611965
"Mim Khan",01880985364
"Nusrat Ahmed",01923216128
"Rahim Rahman",01925043171
"Karim Ahmed",01591862816
"Nusrat Rahman",01561866126
"Tanvir Islam",01768565893
"Ayesha Hossain",01843960824
"Ayesha Hossain",01412901859
"Rahim Akter",01884217945
"Hasan Akter",01388916599
"Hasan Khan",01677990953
"Hasan Islam",01491162331
"Sakib Ahmed",01689942824
"Mim Hossain",01971868325
"Tanvir Rahman",01944747189
"Tanvir Rahman",01856645497
"Sakib Rahman",01590026950
"Mim Khan",01589282706
"Nusrat Hossain",01801772763
"Mim Khan",01977397451
"Tanvir Ahmed",01702428731
"Sakib Khan",01991709358
"Nusrat Khan",01582469152
"Ayesha Khan",01937279748
"Tanvir Akter",01484296207
"Sakib Rahman",01577300597
"Tanvir Khan",01999610206
"Rahim Hossain",01960798434
"Rahim Akter",01931885493
"Nusrat Rahman",01899771898
"Nusrat Ahmed",01346339524
"Hasan Akter",01494692416
"Ayesha Islam",01379966204
"Nusrat Islam",01339214620
"Hasan Rahman",01743620131
"Tanvir Khan",01908567904
"Rahim Khan",01601219529
"Hasan Hossain",01665804520
"Tanvir Akter",01874088854
"Nusrat Rahman",01528306342
"Sakib Khan",01752642219
"Nusrat Ahmed",01457209948
"Rahim Akter",01306842498
"Tanvir Ahmed",01534620825
"Mim Hossain",01702510977
"Rahim Akter",01753996198
"Sakib Khan",01949351115
"Tanvir Akter",01933323154
"Ayesha Khan",01875877359
"Mim Rahman",01912890518
"Nusrat Islam",01907444533
"Karim Khan",01399924714
"Karim Khan",01578114066
"Ayesha Ahmed",01527461843
"Sakib Akter",01430300874
"Hasan Rahman",01649566604
"Tanvir Ahmed",01422041746
"Ayesha Hossain",01918156761
"Ayesha Islam",01384918679
"Karim Islam",01488615389
"Tanvir Islam",01935850793
"Mim Ahmed",01654937301
"Hasan Khan",01929553477
"Karim Rahman",01643187035
"Rahim Hossain",01897119128
"Karim Rahman",01321113834
"Tanvir Ahmed",01893835961
"Ayesha Ahmed",01670866830
"Tanvir Islam",01747652426
"Rahim Khan",01419006398
"Rahim Islam",01515508156
"Hasan Rahman",01729878810
"Ayesha Akter",01950956952
"Nusrat Hossain",01328330208
"Sakib Ahmed",01706026117
"Mim Rahman",01610576127
"Ayesha Hossain",01772993394
"Tanvir Akter",01723513357
"Sakib Hossain",01942535303
"Hasan Islam",01548328595
"Nusrat Ahmed",01461468415
"Hasan Ahmed",01889709321
"Karim Rahman",01565442450
"Sakib Akter",01948082417
"Ayesha Hossain",01716588257
"Sakib Rahman",01978277785
"Mim Rahman",01757003636
"Ayesha Khan",01515801301
"Nusrat Rahman",01627093855
"Rahim Khan",01457599658
"Karim Khan",01411191164
"Hasan Akter",01747477799
"Hasan Akter",01623506320
"Rahim Khan",01748201738
"Ayesha Khan",01455653209
"Tanvir Rahman",01705279015
"Ayesha Hossain",01373228016
"Ayesha Hossain",01541296097
"Sakib Akter",01524830488
"Sakib Ahmed",01802678816
"Mim Rahman",01956886222
"Sakib Akter",01581614726
"Ayesha Hossain",01579428991
"Nusrat Ahmed",01454003990
"Tanvir Ahmed",01811691934
"Sakib Khan",01956847264
"Hasan Akter",01778456851
"Hasan Ahmed",01589512386
"Ayesha Hossain",01505400615
"Ayesha Hossain",01685302257
"Tanvir Islam",01536747225
"Tanvir Khan",01471577725
"Nusrat Islam",01575996253
"Ayesha Hossain",01430756418
"Ayesha Rahman",01340516885
"Hasan Akter",01542332726
"Ayesha Rahman",01829464653
"Ayesha Akter",01866192084
"Mim Islam",01730952690
"Sakib Akter",01496822872
"Hasan Hossain",01830650734
"Mim Hossain",01903196124
"Rahim Hossain",01593601674
"Sakib Islam",01550744492
"Sakib Khan",01554922017
"Tanvir Islam",01631598965
"Mim Islam",01427792972
"Hasan Rahman",01424275825
"Tanvir Islam",01750384259
"Hasan Akter",01689091488
"Karim Hossain",01628246136
"Hasan Ahmed",01441865520
"Ayesha Ahmed",01691549448
"Karim Khan",01556886859
"Karim Khan",01914193362
"Karim Akter",01927182256
"Karim Hossain",01883320460
"Karim Akter",01508521086
"Karim Hossain",01322361088
"Ayesha Ahmed",01327916077
"Nusrat Khan",01308640161
"Ayesha Rahman",01903072406
"Sakib Ahmed",01480137489
"Hasan Rahman",01686802515
"Rahim Islam",01691119574
"Mim Akter",01967141415
"Tanvir Hossain",01638591511
"Tanvir Islam",01664024562
"Karim Akter",01634643885
"Hasan Akter",01460048167
"Ayesha Hossain",01817322427
"Hasan Ahmed",01330571128
"Hasan Ahmed",01398306885
"Sakib Akter",01335209457
"Nusrat Akter",01954883780
"Karim Akter",01779410217
"Sakib Ahmed",01593325075
"Tanvir Khan",01630592574
"Sakib Hossain",01676619042
"Nusrat Akter",01513065151
"Hasan Hossain",01505521536
"Tanvir Hossain",01959914659
"Karim Ahmed",01343280406
"Mim Islam",01712790970
"Hasan Islam",01528751936
"Ayesha Akter",01754832565
"Sakib Ahmed",01433056582
"Mim Hossain",01974624612
"Sakib Akter",01974829094
"Tanvir Ahmed",01998826069
"Ayesha Rahman",01753521945
"Nusrat Islam",01946832057
"Rahim Ahmed",01737704930
"Rahim Rahman",01933227033
"Ayesha Akter",01634602944
"Tanvir Rahman",01439406513
"Sakib Rahman",01679859215
"Rahim Hossain",01655347257
"Rahim Akter",01556076193
"Hasan Hossain",01504548942
"Sakib Akter",01928065785
"Karim Rahman",01723881162
"Hasan Ahmed",01450468024
"Ayesha Hossain",01329613388
"Sakib Ahmed",01802784379
"Rahim Khan",01360765172
"Rahim Ahmed",01452717443
"Rahim Khan",01411786250
"Rahim Ahmed",01912558539
"Karim Ahmed",01579890872
"Karim Khan",01530873682
"Nusrat Rahman",01376983148
"Tanvir Hossain",01432230143
"Hasan Ahmed",01874645571
"Rahim Islam",01529599024
"Ayesha Islam",01806540875
"Ayesha Islam",01965458954
"Rahim Akter",01553550092
"Tanvir Islam",01828178963
"Hasan Islam",01467447184
"Sakib Khan",01567679332
"Ayesha Ahmed",01567537699
"Mim Islam",01964638301
"Sakib Khan",01483409891
"Nusrat Rahman",01569393779
"Nusrat Hossain",01614779833
"Mim Rahman",01321558556
"Hasan Hossain",01770845325
"Mim Rahman",01521444383
"Nusrat Khan",01429950035
"Sakib Islam",01526892272
"Nusrat Akter",01959708872
"Nusrat Hossain",01506981098
"Ayesha Islam",01792133677
"Nusrat Rahman",01985910890
"Rahim Hossain",01505833558
"Karim Hossain",01434927966
"Sakib Rahman",01599614462
"Karim Khan",01899713018
"Ayesha Islam",01881602826
"Hasan Islam",01508272406
"Karim Rahman",01454655803
"Karim Rahman",01886235237
"Sakib Ahmed",01496686848
"Tanvir Islam",01829235428
"Karim Rahman",01856187430
"Hasan Akter",01529234117
"Sakib Akter",01997765975
"Nusrat Khan",01452949589
"Karim Khan",01649794257
"Mim Rahman",01949590742
"Sakib Islam",01613560835
"Nusrat Khan",01473104430
"Hasan Islam",01656990404
"Mim Ahmed",01664979232
"Hasan Rahman",01754242918
"Nusrat Rahman",01988766007
"Hasan Akter",01454954269
"Hasan Rahman",01931298471
"Nusrat Akter",01682204986
"Nusrat Rahman",01767337803
"Karim Ahmed",01504560234
"Tanvir Khan",01912718130
"Karim Rahman",01736947315
"Ayesha Akter",01437904962
"Sakib Islam",01499888307
"Ayesha Islam",01559648226
"Sakib Ahmed",01362505792
"Nusrat Islam",01866944884
"Nusrat Khan",01516404066
"Sakib Islam",01673631525
"Rahim Ahmed",01862107924
"Mim Hossain",01866142463
"Hasan Islam",01929978990
"Mim Akter",01413492575
"Tanvir Rahman",01559325519
"Hasan Khan",01767693265
"Hasan Rahman",01931876896
"Rahim Hossain",01470524913
"Nusrat Hossain",01986020276
"Hasan Rahman",01416143088
"Mim Ahmed",01407303105
"Mim Ahmed",01457715634
"Rahim Akter",01758903777
"Hasan Hossain",01424786758
"Karim Akter",01482288028
"Tanvir Khan",01514376179
"Ayesha Ahmed",01497624438
"Karim Akter",01909690965
"Tanvir Ahmed",01804077075
"Nusrat Akter",01615930645
"Tanvir Rahman",01728792541
"Mim Rahman",01410991810
"Hasan Khan",01449369692
"Karim Ahmed",01567384249
"Rahim Akter",01700560986
"Hasan Rahman",01736698211
"Nusrat Ahmed",01410294384
"Mim Rahman",01961406787
"Tanvir Islam",01440077240
"Rahim Khan",01703585306
"Karim Rahman",01809443513
"Karim Khan",01428634856
"Tanvir Ahmed",01664240854
"Sakib Islam",01312743597
"Rahim Akter",01586152407
"Sakib Ahmed",01870245449
"Hasan Akter",01801192203
"Mim Islam",01936369824
"Tanvir Islam",01952642376
"Tanvir Islam",01656914036
"Rahim Khan",01653767815
"Ayesha Akter",01930474692
"Karim Ahmed",01704779557
"Tanvir Islam",01448138239
"Ayesha Hossain",01788519575
"Mim Rahman",01789679056
"Tanvir Hossain",01642133620
"Rahim Hossain",01528601523
"Karim Islam",01415076100
"Hasan Khan",01977121902
"Karim Rahman",01707273649
"Sakib Ahmed",01331385992
"Rahim Khan",01627441734
"Ayesha Islam",01657844782
"Karim Akter",01742090304
"Mim Rahman",01912387585
"Nusrat Akter",01519336328
"Rahim Hossain",01475038882
"Nusrat Khan",01484531806
"Sakib Rahman",01990231353
"Ayesha Hossain",01304455447
"Ayesha Rahman",01478364196
"Mim Akter",01322538498
"Nusrat Ahmed",01936231325
"Rahim Ahmed",01855938361
"Rahim Islam",01980437124
"Mim Ahmed",01389678946
"Rahim Khan",01563845893
"Mim Hossain",01908564562
"Tanvir Hossain",01303925510
"Mim Khan",01568192001
"Rahim Akter",01517484650
"Sakib Hossain",01739996608
"Tanvir Ahmed",01687638274
"Rahim Khan",01374301703
"Hasan Hossain",01472316423
"Hasan Rahman",01443035387
"Rahim Khan",01920057580
"Nusrat Ahmed",01730473056
"Mim Hossain",01717319500
"Rahim Khan",01747139378
"Sakib Hossain",01507451061
"Tanvir Khan",01501783867
"Rahim Akter",01726258923
"Karim Akter",01752596959
"Hasan Rahman",01598234398
"Karim Rahman",01483607875
"Mim Rahman",01933810989
"Rahim Akter",01369894702
"Rahim Ahmed",01839088686
"Sakib Khan",01456863922
"Mim Akter",01451408354
"Hasan Rahman",01690682363
"Sakib Ahmed",01677862030
"Nusrat Rahman",01849008310
"Mim Khan",01491328153
"Rahim Islam",01668995986
"Karim Ahmed",01955489847
"Sakib Islam",01754836590
"Karim Rahman",01858060630
"Nusrat Rahman",01875431916
"Mim Khan",01503224485
"Rahim Hossain",01455283253
"Karim Rahman",01895361173
"Karim Rahman",01343118864
"Mim Hossain",01820966474
"Tanvir Ahmed",01351765968
"Sakib Rahman",01850530335
"Karim Akter",01950985935
"Ayesha Khan",01548991109
"Ayesha Hossain",01854747780
"Nusrat Khan",01916854455
"Nusrat Khan",01350356302
"Hasan Rahman",01466867403
"Mim Rahman",01989596242
"Rahim Khan",01951988114
"Hasan Hossain",01604363524
"Tanvir Akter",01548787579
"Rahim Ahmed",01587797782
"Sakib Islam",01309805414
"Tanvir Rahman",01367066945
"Ayesha Ahmed",01447293401
"Sakib Hossain",01673887407
"Karim Islam",01981034253
"Hasan Hossain",01531025187
"Rahim Khan",01859269938
"Sakib Rahman",01371204840
"Nusrat Hossain",01924059400
"Hasan Rahman",01806955838
"Sakib Rahman",01422378183
"Rahim Islam",01423928793
"Hasan Islam",01953026744
"Ayesha Ahmed",01900828337
"Hasan Rahman",01500054247
"Nusrat Hossain",01910192258
"Rahim Ahmed",01938335666
"Hasan Hossain",01345302931
"Tanvir Akter",01958121737
"Mim Akter",01879447622
"Rahim Akter",01472805099
"Ayesha Khan",01483277859
"Rahim Khan",01906703276
"Sakib Rahman",01774832922
"Mim Islam",01493461802
"Sakib Islam",01334857862
"Hasan Ahmed",01731528778
"Rahim Khan",01828663818
"Karim Hossain",01813339877
"Hasan Akter",01450038303
"Hasan Ahmed",01477208841
"Tanvir Hossain",01955988155
"Karim Hossain",01999898179
"Hasan Akter",01405799488
"Hasan Islam",01551682436
"Tanvir Hossain",01991735540
"Hasan Khan",01326196523
"Rahim Rahman",01392803900
"Ayesha Hossain",01980421198
"Mim Ahmed",01520114873
